id,class
000001,Ambulance
000002,Ambulance
000003,Ambulance
000004,Ambulance
000005,Ambulance
000006,Ambulance
000007,Ambulance
000008,Ambulance
000009,Ambulance
000010,Ambulance
000011,Ambulance
000012,Ambulance
000013,Ambulance
000014,Ambulance
000015,Ambulance
000016,Ambulance
000017,Ambulance
000018,Ambulance
000019,Ambulance
000020,Ambulance
000021,Ambulance
000022,Ambulance
000023,Ambulance
000024,Ambulance
000025,Ambulance
000026,Ambulance
000027,Ambulance
000028,Ambulance
000029,Ambulance
000030,Ambulance
000031,Ambulance
000032,Ambulance
000033,Ambulance
000034,Ambulance
000035,Ambulance
000036,Ambulance
000037,Ambulance
000038,Ambulance
000039,Ambulance
000040,Ambulance
000041,Ambulance
000042,Ambulance
000043,Ambulance
000044,Ambulance
000045,Ambulance
000046,Ambulance
000047,Ambulance
000048,Ambulance
000049,Ambulance
000050,Ambulance
000051,Ambulance
000052,Ambulance
000053,Ambulance
000054,Ambulance
000055,Ambulance
000056,Ambulance
000057,Ambulance
000058,Ambulance
000059,Ambulance
000060,Ambulance
000061,Ambulance
000062,Ambulance
000063,Ambulance
000064,Ambulance
000065,Ambulance
000066,Ambulance
000067,Ambulance
000068,Ambulance
000069,Ambulance
000070,Ambulance
000071,Ambulance
000072,Ambulance
000073,Ambulance
000074,Ambulance
000075,Ambulance
000076,Ambulance
000077,Ambulance
000078,Ambulance
000079,Ambulance
000080,Ambulance
000081,Ambulance
000082,Ambulance
000083,Ambulance
000084,Ambulance
000085,Ambulance
000086,Ambulance
000087,Ambulance
000088,Ambulance
000089,Ambulance
000090,Ambulance
000091,Ambulance
000092,Ambulance
000093,Ambulance
000094,Ambulance
000095,Ambulance
000096,Ambulance
000097,Ambulance
000098,Ambulance
000099,Ambulance
000100,Ambulance
000101,Ambulance
000102,Ambulance
000103,Ambulance
000104,Ambulance
000105,Ambulance
000106,Ambulance
000107,Ambulance
000108,Ambulance
000109,Ambulance
000110,Ambulance
000111,Ambulance
000112,Ambulance
000113,Ambulance
000114,Ambulance
000115,Ambulance
000116,Ambulance
000117,Ambulance
000118,Ambulance
000119,Ambulance
000120,Ambulance
000121,Ambulance
000122,Ambulance
000123,Ambulance
000124,Ambulance
000125,Ambulance
000126,Ambulance
000127,Ambulance
000128,Ambulance
000129,Ambulance
000130,Ambulance
000131,Ambulance
000132,Ambulance
000133,Ambulance
000134,Ambulance
000135,Ambulance
000136,Ambulance
000137,Ambulance
000138,Ambulance
000139,Ambulance
000140,Ambulance
000141,Ambulance
000142,Ambulance
000143,Ambulance
000144,Ambulance
000145,Ambulance
000146,Ambulance
000147,Ambulance
000148,Ambulance
000149,Ambulance
000150,Ambulance
000151,Ambulance
000152,Ambulance
000153,Ambulance
000154,Ambulance
000155,Ambulance
000156,Ambulance
000157,Ambulance
000158,Ambulance
000159,Ambulance
000160,Ambulance
000161,Ambulance
000162,Ambulance
000163,Ambulance
000164,Ambulance
000165,Ambulance
000166,Ambulance
000167,Ambulance
000168,Ambulance
000169,Ambulance
000170,Ambulance
000171,Ambulance
000172,Ambulance
000173,Ambulance
000174,Ambulance
000175,Ambulance
000176,Ambulance
000177,Ambulance
000178,Ambulance
000179,Ambulance
000180,Ambulance
000181,Ambulance
000182,Ambulance
000183,Ambulance
000184,Ambulance
000185,Ambulance
000186,Ambulance
000187,Ambulance
000188,Ambulance
000189,Ambulance
000190,Ambulance
000191,Ambulance
000192,Ambulance
000193,Ambulance
000194,Ambulance
000195,Ambulance
000196,Ambulance
000197,Ambulance
000198,Ambulance
000199,Ambulance
000200,Ambulance
000201,Ambulance
000202,Ambulance
000203,Ambulance
000204,Ambulance
000205,Ambulance
000206,Ambulance
000207,Ambulance
000208,Ambulance
000209,Ambulance
000210,Ambulance
000211,Ambulance
000212,Ambulance
000213,Ambulance
000214,Ambulance
000215,Ambulance
000216,Ambulance
000217,Ambulance
000218,Ambulance
000219,Ambulance
000220,Ambulance
000221,Ambulance
000222,Ambulance
000223,Ambulance
000224,Ambulance
000225,Ambulance
000226,Ambulance
000227,Ambulance
000228,Ambulance
000229,Ambulance
000230,Ambulance
000231,Ambulance
000232,Ambulance
000233,Ambulance
000234,Ambulance
000235,Ambulance
000236,Ambulance
000237,Ambulance
000238,Ambulance
000239,Ambulance
000240,Ambulance
000241,Bicycle
000242,Bicycle
000243,Bicycle
000244,Bicycle
000245,Bicycle
000246,Bicycle
000247,Bicycle
000248,Bicycle
000249,Bicycle
000250,Bicycle
000251,Bicycle
000252,Bicycle
000253,Bicycle
000254,Bicycle
000255,Bicycle
000256,Bicycle
000257,Bicycle
000258,Bicycle
000259,Bicycle
000260,Bicycle
000261,Bicycle
000262,Bicycle
000263,Bicycle
000264,Bicycle
000265,Bicycle
000266,Bicycle
000267,Bicycle
000268,Bicycle
000269,Bicycle
000270,Bicycle
000271,Bicycle
000272,Bicycle
000273,Bicycle
000274,Bicycle
000275,Bicycle
000276,Bicycle
000277,Bicycle
000278,Bicycle
000279,Bicycle
000280,Bicycle
000281,Bicycle
000282,Bicycle
000283,Bicycle
000284,Bicycle
000285,Bicycle
000286,Bicycle
000287,Bicycle
000288,Bicycle
000289,Bicycle
000290,Bicycle
000291,Bicycle
000292,Bicycle
000293,Bicycle
000294,Bicycle
000295,Bicycle
000296,Bicycle
000297,Bicycle
000298,Bicycle
000299,Bicycle
000300,Bicycle
000301,Bicycle
000302,Bicycle
000303,Bicycle
000304,Bicycle
000305,Bicycle
000306,Bicycle
000307,Bicycle
000308,Bicycle
000309,Bicycle
000310,Bicycle
000311,Bicycle
000312,Bicycle
000313,Bicycle
000314,Bicycle
000315,Bicycle
000316,Bicycle
000317,Bicycle
000318,Bicycle
000319,Bicycle
000320,Bicycle
000321,Bicycle
000322,Bicycle
000323,Bicycle
000324,Bicycle
000325,Bicycle
000326,Bicycle
000327,Bicycle
000328,Bicycle
000329,Bicycle
000330,Bicycle
000331,Bicycle
000332,Bicycle
000333,Bicycle
000334,Bicycle
000335,Bicycle
000336,Bicycle
000337,Bicycle
000338,Bicycle
000339,Bicycle
000340,Bicycle
000341,Bicycle
000342,Bicycle
000343,Bicycle
000344,Bicycle
000345,Bicycle
000346,Bicycle
000347,Bicycle
000348,Bicycle
000349,Bicycle
000350,Bicycle
000351,Bicycle
000352,Bicycle
000353,Bicycle
000354,Bicycle
000355,Bicycle
000356,Bicycle
000357,Bicycle
000358,Bicycle
000359,Bicycle
000360,Bicycle
000361,Bicycle
000362,Bicycle
000363,Bicycle
000364,Bicycle
000365,Bicycle
000366,Bicycle
000367,Bicycle
000368,Bicycle
000369,Bicycle
000370,Bicycle
000371,Bicycle
000372,Bicycle
000373,Bicycle
000374,Bicycle
000375,Bicycle
000376,Bicycle
000377,Bicycle
000378,Bicycle
000379,Bicycle
000380,Bicycle
000381,Bicycle
000382,Bicycle
000383,Bicycle
000384,Bicycle
000385,Bicycle
000386,Bicycle
000387,Bicycle
000388,Bicycle
000389,Bicycle
000390,Bicycle
000391,Bicycle
000392,Bicycle
000393,Bicycle
000394,Bicycle
000395,Bicycle
000396,Bicycle
000397,Bicycle
000398,Bicycle
000399,Bicycle
000400,Bicycle
000401,Bicycle
000402,Bicycle
000403,Bicycle
000404,Bicycle
000405,Bicycle
000406,Bicycle
000407,Bicycle
000408,Bicycle
000409,Bicycle
000410,Bicycle
000411,Bicycle
000412,Bicycle
000413,Bicycle
000414,Bicycle
000415,Bicycle
000416,Bicycle
000417,Bicycle
000418,Bicycle
000419,Bicycle
000420,Bicycle
000421,Bicycle
000422,Bicycle
000423,Bicycle
000424,Bicycle
000425,Bicycle
000426,Bicycle
000427,Bicycle
000428,Bicycle
000429,Bicycle
000430,Bicycle
000431,Bicycle
000432,Bicycle
000433,Bicycle
000434,Bicycle
000435,Bicycle
000436,Bicycle
000437,Bicycle
000438,Bicycle
000439,Bicycle
000440,Bicycle
000441,Bicycle
000442,Bicycle
000443,Bicycle
000444,Bicycle
000445,Bicycle
000446,Bicycle
000447,Bicycle
000448,Bicycle
000449,Bicycle
000450,Bicycle
000451,Bicycle
000452,Bicycle
000453,Bicycle
000454,Bicycle
000455,Bicycle
000456,Bicycle
000457,Bicycle
000458,Bicycle
000459,Bicycle
000460,Bicycle
000461,Bicycle
000462,Bicycle
000463,Bicycle
000464,Bicycle
000465,Bicycle
000466,Bicycle
000467,Bicycle
000468,Bicycle
000469,Bicycle
000470,Bicycle
000471,Bicycle
000472,Bicycle
000473,Bicycle
000474,Bicycle
000475,Bicycle
000476,Bicycle
000477,Bicycle
000478,Bicycle
000479,Bicycle
000480,Bicycle
000481,Boat
000482,Boat
000483,Boat
000484,Boat
000485,Boat
000486,Boat
000487,Boat
000488,Boat
000489,Boat
000490,Boat
000491,Boat
000492,Boat
000493,Boat
000494,Boat
000495,Boat
000496,Boat
000497,Boat
000498,Boat
000499,Boat
000500,Boat
000501,Boat
000502,Boat
000503,Boat
000504,Boat
000505,Boat
000506,Boat
000507,Boat
000508,Boat
000509,Boat
000510,Boat
000511,Boat
000512,Boat
000513,Boat
000514,Boat
000515,Boat
000516,Boat
000517,Boat
000518,Boat
000519,Boat
000520,Boat
000521,Boat
000522,Boat
000523,Boat
000524,Boat
000525,Boat
000526,Boat
000527,Boat
000528,Boat
000529,Boat
000530,Boat
000531,Boat
000532,Boat
000533,Boat
000534,Boat
000535,Boat
000536,Boat
000537,Boat
000538,Boat
000539,Boat
000540,Boat
000541,Boat
000542,Boat
000543,Boat
000544,Boat
000545,Boat
000546,Boat
000547,Boat
000548,Boat
000549,Boat
000550,Boat
000551,Boat
000552,Boat
000553,Boat
000554,Boat
000555,Boat
000556,Boat
000557,Boat
000558,Boat
000559,Boat
000560,Boat
000561,Boat
000562,Boat
000563,Boat
000564,Boat
000565,Boat
000566,Boat
000567,Boat
000568,Boat
000569,Boat
000570,Boat
000571,Boat
000572,Boat
000573,Boat
000574,Boat
000575,Boat
000576,Boat
000577,Boat
000578,Boat
000579,Boat
000580,Boat
000581,Boat
000582,Boat
000583,Boat
000584,Boat
000585,Boat
000586,Boat
000587,Boat
000588,Boat
000589,Boat
000590,Boat
000591,Boat
000592,Boat
000593,Boat
000594,Boat
000595,Boat
000596,Boat
000597,Boat
000598,Boat
000599,Boat
000600,Boat
000601,Boat
000602,Boat
000603,Boat
000604,Boat
000605,Boat
000606,Boat
000607,Boat
000608,Boat
000609,Boat
000610,Boat
000611,Boat
000612,Boat
000613,Boat
000614,Boat
000615,Boat
000616,Boat
000617,Boat
000618,Boat
000619,Boat
000620,Boat
000621,Boat
000622,Boat
000623,Boat
000624,Boat
000625,Boat
000626,Boat
000627,Boat
000628,Boat
000629,Boat
000630,Boat
000631,Boat
000632,Boat
000633,Boat
000634,Boat
000635,Boat
000636,Boat
000637,Boat
000638,Boat
000639,Boat
000640,Boat
000641,Boat
000642,Boat
000643,Boat
000644,Boat
000645,Boat
000646,Boat
000647,Boat
000648,Boat
000649,Boat
000650,Boat
000651,Boat
000652,Boat
000653,Boat
000654,Boat
000655,Boat
000656,Boat
000657,Boat
000658,Boat
000659,Boat
000660,Boat
000661,Boat
000662,Boat
000663,Boat
000664,Boat
000665,Boat
000666,Boat
000667,Boat
000668,Boat
000669,Boat
000670,Boat
000671,Boat
000672,Boat
000673,Boat
000674,Boat
000675,Boat
000676,Boat
000677,Boat
000678,Boat
000679,Boat
000680,Boat
000681,Boat
000682,Boat
000683,Boat
000684,Boat
000685,Boat
000686,Boat
000687,Boat
000688,Boat
000689,Boat
000690,Boat
000691,Boat
000692,Boat
000693,Boat
000694,Boat
000695,Boat
000696,Boat
000697,Boat
000698,Boat
000699,Boat
000700,Boat
000701,Boat
000702,Boat
000703,Boat
000704,Boat
000705,Boat
000706,Boat
000707,Boat
000708,Boat
000709,Boat
000710,Boat
000711,Boat
000712,Boat
000713,Boat
000714,Boat
000715,Boat
000716,Boat
000717,Boat
000718,Boat
000719,Boat
000720,Boat
000721,Bus
000722,Bus
000723,Bus
000724,Bus
000725,Bus
000726,Bus
000727,Bus
000728,Bus
000729,Bus
000730,Bus
000731,Bus
000732,Bus
000733,Bus
000734,Bus
000735,Bus
000736,Bus
000737,Bus
000738,Bus
000739,Bus
000740,Bus
000741,Bus
000742,Bus
000743,Bus
000744,Bus
000745,Bus
000746,Bus
000747,Bus
000748,Bus
000749,Bus
000750,Bus
000751,Bus
000752,Bus
000753,Bus
000754,Bus
000755,Bus
000756,Bus
000757,Bus
000758,Bus
000759,Bus
000760,Bus
000761,Bus
000762,Bus
000763,Bus
000764,Bus
000765,Bus
000766,Bus
000767,Bus
000768,Bus
000769,Bus
000770,Bus
000771,Bus
000772,Bus
000773,Bus
000774,Bus
000775,Bus
000776,Bus
000777,Bus
000778,Bus
000779,Bus
000780,Bus
000781,Bus
000782,Bus
000783,Bus
000784,Bus
000785,Bus
000786,Bus
000787,Bus
000788,Bus
000789,Bus
000790,Bus
000791,Bus
000792,Bus
000793,Bus
000794,Bus
000795,Bus
000796,Bus
000797,Bus
000798,Bus
000799,Bus
000800,Bus
000801,Bus
000802,Bus
000803,Bus
000804,Bus
000805,Bus
000806,Bus
000807,Bus
000808,Bus
000809,Bus
000810,Bus
000811,Bus
000812,Bus
000813,Bus
000814,Bus
000815,Bus
000816,Bus
000817,Bus
000818,Bus
000819,Bus
000820,Bus
000821,Bus
000822,Bus
000823,Bus
000824,Bus
000825,Bus
000826,Bus
000827,Bus
000828,Bus
000829,Bus
000830,Bus
000831,Bus
000832,Bus
000833,Bus
000834,Bus
000835,Bus
000836,Bus
000837,Bus
000838,Bus
000839,Bus
000840,Bus
000841,Bus
000842,Bus
000843,Bus
000844,Bus
000845,Bus
000846,Bus
000847,Bus
000848,Bus
000849,Bus
000850,Bus
000851,Bus
000852,Bus
000853,Bus
000854,Bus
000855,Bus
000856,Bus
000857,Bus
000858,Bus
000859,Bus
000860,Bus
000861,Bus
000862,Bus
000863,Bus
000864,Bus
000865,Bus
000866,Bus
000867,Bus
000868,Bus
000869,Bus
000870,Bus
000871,Bus
000872,Bus
000873,Bus
000874,Bus
000875,Bus
000876,Bus
000877,Bus
000878,Bus
000879,Bus
000880,Bus
000881,Bus
000882,Bus
000883,Bus
000884,Bus
000885,Bus
000886,Bus
000887,Bus
000888,Bus
000889,Bus
000890,Bus
000891,Bus
000892,Bus
000893,Bus
000894,Bus
000895,Bus
000896,Bus
000897,Bus
000898,Bus
000899,Bus
000900,Bus
000901,Bus
000902,Bus
000903,Bus
000904,Bus
000905,Bus
000906,Bus
000907,Bus
000908,Bus
000909,Bus
000910,Bus
000911,Bus
000912,Bus
000913,Bus
000914,Bus
000915,Bus
000916,Bus
000917,Bus
000918,Bus
000919,Bus
000920,Bus
000921,Bus
000922,Bus
000923,Bus
000924,Bus
000925,Bus
000926,Bus
000927,Bus
000928,Bus
000929,Bus
000930,Bus
000931,Bus
000932,Bus
000933,Bus
000934,Bus
000935,Bus
000936,Bus
000937,Bus
000938,Bus
000939,Bus
000940,Bus
000941,Bus
000942,Bus
000943,Bus
000944,Bus
000945,Bus
000946,Bus
000947,Bus
000948,Bus
000949,Bus
000950,Bus
000951,Bus
000952,Bus
000953,Bus
000954,Bus
000955,Bus
000956,Bus
000957,Bus
000958,Bus
000959,Bus
000960,Bus
000961,Car
000962,Car
000963,Car
000964,Car
000965,Car
000966,Car
000967,Car
000968,Car
000969,Car
000970,Car
000971,Car
000972,Car
000973,Car
000974,Car
000975,Car
000976,Car
000977,Car
000978,Car
000979,Car
000980,Car
000981,Car
000982,Car
000983,Car
000984,Car
000985,Car
000986,Car
000987,Car
000988,Car
000989,Car
000990,Car
000991,Car
000992,Car
000993,Car
000994,Car
000995,Car
000996,Car
000997,Car
000998,Car
000999,Car
001000,Car
001001,Car
001002,Car
001003,Car
001004,Car
001005,Car
001006,Car
001007,Car
001008,Car
001009,Car
001010,Car
001011,Car
001012,Car
001013,Car
001014,Car
001015,Car
001016,Car
001017,Car
001018,Car
001019,Car
001020,Car
001021,Car
001022,Car
001023,Car
001024,Car
001025,Car
001026,Car
001027,Car
001028,Car
001029,Car
001030,Car
001031,Car
001032,Car
001033,Car
001034,Car
001035,Car
001036,Car
001037,Car
001038,Car
001039,Car
001040,Car
001041,Car
001042,Car
001043,Car
001044,Car
001045,Car
001046,Car
001047,Car
001048,Car
001049,Car
001050,Car
001051,Car
001052,Car
001053,Car
001054,Car
001055,Car
001056,Car
001057,Car
001058,Car
001059,Car
001060,Car
001061,Car
001062,Car
001063,Car
001064,Car
001065,Car
001066,Car
001067,Car
001068,Car
001069,Car
001070,Car
001071,Car
001072,Car
001073,Car
001074,Car
001075,Car
001076,Car
001077,Car
001078,Car
001079,Car
001080,Car
001081,Car
001082,Car
001083,Car
001084,Car
001085,Car
001086,Car
001087,Car
001088,Car
001089,Car
001090,Car
001091,Car
001092,Car
001093,Car
001094,Car
001095,Car
001096,Car
001097,Car
001098,Car
001099,Car
001100,Car
001101,Car
001102,Car
001103,Car
001104,Car
001105,Car
001106,Car
001107,Car
001108,Car
001109,Car
001110,Car
001111,Car
001112,Car
001113,Car
001114,Car
001115,Car
001116,Car
001117,Car
001118,Car
001119,Car
001120,Car
001121,Car
001122,Car
001123,Car
001124,Car
001125,Car
001126,Car
001127,Car
001128,Car
001129,Car
001130,Car
001131,Car
001132,Car
001133,Car
001134,Car
001135,Car
001136,Car
001137,Car
001138,Car
001139,Car
001140,Car
001141,Car
001142,Car
001143,Car
001144,Car
001145,Car
001146,Car
001147,Car
001148,Car
001149,Car
001150,Car
001151,Car
001152,Car
001153,Car
001154,Car
001155,Car
001156,Car
001157,Car
001158,Car
001159,Car
001160,Car
001161,Car
001162,Car
001163,Car
001164,Car
001165,Car
001166,Car
001167,Car
001168,Car
001169,Car
001170,Car
001171,Car
001172,Car
001173,Car
001174,Car
001175,Car
001176,Car
001177,Car
001178,Car
001179,Car
001180,Car
001181,Car
001182,Car
001183,Car
001184,Car
001185,Car
001186,Car
001187,Car
001188,Car
001189,Car
001190,Car
001191,Car
001192,Car
001193,Car
001194,Car
001195,Car
001196,Car
001197,Car
001198,Car
001199,Car
001200,Car
001201,Helicopter
001202,Helicopter
001203,Helicopter
001204,Helicopter
001205,Helicopter
001206,Helicopter
001207,Helicopter
001208,Helicopter
001209,Helicopter
001210,Helicopter
001211,Helicopter
001212,Helicopter
001213,Helicopter
001214,Helicopter
001215,Helicopter
001216,Helicopter
001217,Helicopter
001218,Helicopter
001219,Helicopter
001220,Helicopter
001221,Helicopter
001222,Helicopter
001223,Helicopter
001224,Helicopter
001225,Helicopter
001226,Helicopter
001227,Helicopter
001228,Helicopter
001229,Helicopter
001230,Helicopter
001231,Helicopter
001232,Helicopter
001233,Helicopter
001234,Helicopter
001235,Helicopter
001236,Helicopter
001237,Helicopter
001238,Helicopter
001239,Helicopter
001240,Helicopter
001241,Helicopter
001242,Helicopter
001243,Helicopter
001244,Helicopter
001245,Helicopter
001246,Helicopter
001247,Helicopter
001248,Helicopter
001249,Helicopter
001250,Helicopter
001251,Helicopter
001252,Helicopter
001253,Helicopter
001254,Helicopter
001255,Helicopter
001256,Helicopter
001257,Helicopter
001258,Helicopter
001259,Helicopter
001260,Helicopter
001261,Helicopter
001262,Helicopter
001263,Helicopter
001264,Helicopter
001265,Helicopter
001266,Helicopter
001267,Helicopter
001268,Helicopter
001269,Helicopter
001270,Helicopter
001271,Helicopter
001272,Helicopter
001273,Helicopter
001274,Helicopter
001275,Helicopter
001276,Helicopter
001277,Helicopter
001278,Helicopter
001279,Helicopter
001280,Helicopter
001281,Helicopter
001282,Helicopter
001283,Helicopter
001284,Helicopter
001285,Helicopter
001286,Helicopter
001287,Helicopter
001288,Helicopter
001289,Helicopter
001290,Helicopter
001291,Helicopter
001292,Helicopter
001293,Helicopter
001294,Helicopter
001295,Helicopter
001296,Helicopter
001297,Helicopter
001298,Helicopter
001299,Helicopter
001300,Helicopter
001301,Helicopter
001302,Helicopter
001303,Helicopter
001304,Helicopter
001305,Helicopter
001306,Helicopter
001307,Helicopter
001308,Helicopter
001309,Helicopter
001310,Helicopter
001311,Helicopter
001312,Helicopter
001313,Helicopter
001314,Helicopter
001315,Helicopter
001316,Helicopter
001317,Helicopter
001318,Helicopter
001319,Helicopter
001320,Helicopter
001321,Helicopter
001322,Helicopter
001323,Helicopter
001324,Helicopter
001325,Helicopter
001326,Helicopter
001327,Helicopter
001328,Helicopter
001329,Helicopter
001330,Helicopter
001331,Helicopter
001332,Helicopter
001333,Helicopter
001334,Helicopter
001335,Helicopter
001336,Helicopter
001337,Helicopter
001338,Helicopter
001339,Helicopter
001340,Helicopter
001341,Helicopter
001342,Helicopter
001343,Helicopter
001344,Helicopter
001345,Helicopter
001346,Helicopter
001347,Helicopter
001348,Helicopter
001349,Helicopter
001350,Helicopter
001351,Helicopter
001352,Helicopter
001353,Helicopter
001354,Helicopter
001355,Helicopter
001356,Helicopter
001357,Helicopter
001358,Helicopter
001359,Helicopter
001360,Helicopter
001361,Helicopter
001362,Helicopter
001363,Helicopter
001364,Helicopter
001365,Helicopter
001366,Helicopter
001367,Helicopter
001368,Helicopter
001369,Helicopter
001370,Helicopter
001371,Helicopter
001372,Helicopter
001373,Helicopter
001374,Helicopter
001375,Helicopter
001376,Helicopter
001377,Helicopter
001378,Helicopter
001379,Helicopter
001380,Helicopter
001381,Helicopter
001382,Helicopter
001383,Helicopter
001384,Helicopter
001385,Helicopter
001386,Helicopter
001387,Helicopter
001388,Helicopter
001389,Helicopter
001390,Helicopter
001391,Helicopter
001392,Helicopter
001393,Helicopter
001394,Helicopter
001395,Helicopter
001396,Helicopter
001397,Helicopter
001398,Helicopter
001399,Helicopter
001400,Helicopter
001401,Helicopter
001402,Helicopter
001403,Helicopter
001404,Helicopter
001405,Helicopter
001406,Helicopter
001407,Helicopter
001408,Helicopter
001409,Helicopter
001410,Helicopter
001411,Helicopter
001412,Helicopter
001413,Helicopter
001414,Helicopter
001415,Helicopter
001416,Helicopter
001417,Helicopter
001418,Helicopter
001419,Helicopter
001420,Helicopter
001421,Helicopter
001422,Helicopter
001423,Helicopter
001424,Helicopter
001425,Helicopter
001426,Helicopter
001427,Helicopter
001428,Helicopter
001429,Helicopter
001430,Helicopter
001431,Helicopter
001432,Helicopter
001433,Helicopter
001434,Helicopter
001435,Helicopter
001436,Helicopter
001437,Helicopter
001438,Helicopter
001439,Helicopter
001440,Helicopter
001441,Limousine
001442,Limousine
001443,Limousine
001444,Limousine
001445,Limousine
001446,Limousine
001447,Limousine
001448,Limousine
001449,Limousine
001450,Limousine
001451,Limousine
001452,Limousine
001453,Limousine
001454,Limousine
001455,Limousine
001456,Limousine
001457,Limousine
001458,Limousine
001459,Limousine
001460,Limousine
001461,Limousine
001462,Limousine
001463,Limousine
001464,Limousine
001465,Limousine
001466,Limousine
001467,Limousine
001468,Limousine
001469,Limousine
001470,Limousine
001471,Limousine
001472,Limousine
001473,Limousine
001474,Limousine
001475,Limousine
001476,Limousine
001477,Limousine
001478,Limousine
001479,Limousine
001480,Limousine
001481,Limousine
001482,Limousine
001483,Limousine
001484,Limousine
001485,Limousine
001486,Limousine
001487,Limousine
001488,Limousine
001489,Limousine
001490,Limousine
001491,Limousine
001492,Limousine
001493,Limousine
001494,Limousine
001495,Limousine
001496,Limousine
001497,Limousine
001498,Limousine
001499,Limousine
001500,Limousine
001501,Limousine
001502,Limousine
001503,Limousine
001504,Limousine
001505,Limousine
001506,Limousine
001507,Limousine
001508,Limousine
001509,Limousine
001510,Limousine
001511,Limousine
001512,Limousine
001513,Limousine
001514,Limousine
001515,Limousine
001516,Limousine
001517,Limousine
001518,Limousine
001519,Limousine
001520,Limousine
001521,Limousine
001522,Limousine
001523,Limousine
001524,Limousine
001525,Limousine
001526,Limousine
001527,Limousine
001528,Limousine
001529,Limousine
001530,Limousine
001531,Limousine
001532,Limousine
001533,Limousine
001534,Limousine
001535,Limousine
001536,Limousine
001537,Limousine
001538,Limousine
001539,Limousine
001540,Limousine
001541,Limousine
001542,Limousine
001543,Limousine
001544,Limousine
001545,Limousine
001546,Limousine
001547,Limousine
001548,Limousine
001549,Limousine
001550,Limousine
001551,Limousine
001552,Limousine
001553,Limousine
001554,Limousine
001555,Limousine
001556,Limousine
001557,Limousine
001558,Limousine
001559,Limousine
001560,Limousine
001561,Limousine
001562,Limousine
001563,Limousine
001564,Limousine
001565,Limousine
001566,Limousine
001567,Limousine
001568,Limousine
001569,Limousine
001570,Limousine
001571,Limousine
001572,Limousine
001573,Limousine
001574,Limousine
001575,Limousine
001576,Limousine
001577,Limousine
001578,Limousine
001579,Limousine
001580,Limousine
001581,Limousine
001582,Limousine
001583,Limousine
001584,Limousine
001585,Limousine
001586,Limousine
001587,Limousine
001588,Limousine
001589,Limousine
001590,Limousine
001591,Limousine
001592,Limousine
001593,Limousine
001594,Limousine
001595,Limousine
001596,Limousine
001597,Limousine
001598,Limousine
001599,Limousine
001600,Limousine
001601,Limousine
001602,Limousine
001603,Limousine
001604,Limousine
001605,Limousine
001606,Limousine
001607,Limousine
001608,Limousine
001609,Limousine
001610,Limousine
001611,Limousine
001612,Limousine
001613,Limousine
001614,Limousine
001615,Limousine
001616,Limousine
001617,Limousine
001618,Limousine
001619,Limousine
001620,Limousine
001621,Limousine
001622,Limousine
001623,Limousine
001624,Limousine
001625,Limousine
001626,Limousine
001627,Limousine
001628,Limousine
001629,Limousine
001630,Limousine
001631,Limousine
001632,Limousine
001633,Limousine
001634,Limousine
001635,Limousine
001636,Limousine
001637,Limousine
001638,Limousine
001639,Limousine
001640,Limousine
001641,Limousine
001642,Limousine
001643,Limousine
001644,Limousine
001645,Limousine
001646,Limousine
001647,Limousine
001648,Limousine
001649,Limousine
001650,Limousine
001651,Limousine
001652,Limousine
001653,Limousine
001654,Limousine
001655,Limousine
001656,Limousine
001657,Limousine
001658,Limousine
001659,Limousine
001660,Limousine
001661,Limousine
001662,Limousine
001663,Limousine
001664,Limousine
001665,Limousine
001666,Limousine
001667,Limousine
001668,Limousine
001669,Limousine
001670,Limousine
001671,Limousine
001672,Limousine
001673,Limousine
001674,Limousine
001675,Limousine
001676,Limousine
001677,Limousine
001678,Limousine
001679,Limousine
001680,Limousine
001681,Motorcycle
001682,Motorcycle
001683,Motorcycle
001684,Motorcycle
001685,Motorcycle
001686,Motorcycle
001687,Motorcycle
001688,Motorcycle
001689,Motorcycle
001690,Motorcycle
001691,Motorcycle
001692,Motorcycle
001693,Motorcycle
001694,Motorcycle
001695,Motorcycle
001696,Motorcycle
001697,Motorcycle
001698,Motorcycle
001699,Motorcycle
001700,Motorcycle
001701,Motorcycle
001702,Motorcycle
001703,Motorcycle
001704,Motorcycle
001705,Motorcycle
001706,Motorcycle
001707,Motorcycle
001708,Motorcycle
001709,Motorcycle
001710,Motorcycle
001711,Motorcycle
001712,Motorcycle
001713,Motorcycle
001714,Motorcycle
001715,Motorcycle
001716,Motorcycle
001717,Motorcycle
001718,Motorcycle
001719,Motorcycle
001720,Motorcycle
001721,Motorcycle
001722,Motorcycle
001723,Motorcycle
001724,Motorcycle
001725,Motorcycle
001726,Motorcycle
001727,Motorcycle
001728,Motorcycle
001729,Motorcycle
001730,Motorcycle
001731,Motorcycle
001732,Motorcycle
001733,Motorcycle
001734,Motorcycle
001735,Motorcycle
001736,Motorcycle
001737,Motorcycle
001738,Motorcycle
001739,Motorcycle
001740,Motorcycle
001741,Motorcycle
001742,Motorcycle
001743,Motorcycle
001744,Motorcycle
001745,Motorcycle
001746,Motorcycle
001747,Motorcycle
001748,Motorcycle
001749,Motorcycle
001750,Motorcycle
001751,Motorcycle
001752,Motorcycle
001753,Motorcycle
001754,Motorcycle
001755,Motorcycle
001756,Motorcycle
001757,Motorcycle
001758,Motorcycle
001759,Motorcycle
001760,Motorcycle
001761,Motorcycle
001762,Motorcycle
001763,Motorcycle
001764,Motorcycle
001765,Motorcycle
001766,Motorcycle
001767,Motorcycle
001768,Motorcycle
001769,Motorcycle
001770,Motorcycle
001771,Motorcycle
001772,Motorcycle
001773,Motorcycle
001774,Motorcycle
001775,Motorcycle
001776,Motorcycle
001777,Motorcycle
001778,Motorcycle
001779,Motorcycle
001780,Motorcycle
001781,Motorcycle
001782,Motorcycle
001783,Motorcycle
001784,Motorcycle
001785,Motorcycle
001786,Motorcycle
001787,Motorcycle
001788,Motorcycle
001789,Motorcycle
001790,Motorcycle
001791,Motorcycle
001792,Motorcycle
001793,Motorcycle
001794,Motorcycle
001795,Motorcycle
001796,Motorcycle
001797,Motorcycle
001798,Motorcycle
001799,Motorcycle
001800,Motorcycle
001801,Motorcycle
001802,Motorcycle
001803,Motorcycle
001804,Motorcycle
001805,Motorcycle
001806,Motorcycle
001807,Motorcycle
001808,Motorcycle
001809,Motorcycle
001810,Motorcycle
001811,Motorcycle
001812,Motorcycle
001813,Motorcycle
001814,Motorcycle
001815,Motorcycle
001816,Motorcycle
001817,Motorcycle
001818,Motorcycle
001819,Motorcycle
001820,Motorcycle
001821,Motorcycle
001822,Motorcycle
001823,Motorcycle
001824,Motorcycle
001825,Motorcycle
001826,Motorcycle
001827,Motorcycle
001828,Motorcycle
001829,Motorcycle
001830,Motorcycle
001831,Motorcycle
001832,Motorcycle
001833,Motorcycle
001834,Motorcycle
001835,Motorcycle
001836,Motorcycle
001837,Motorcycle
001838,Motorcycle
001839,Motorcycle
001840,Motorcycle
001841,Motorcycle
001842,Motorcycle
001843,Motorcycle
001844,Motorcycle
001845,Motorcycle
001846,Motorcycle
001847,Motorcycle
001848,Motorcycle
001849,Motorcycle
001850,Motorcycle
001851,Motorcycle
001852,Motorcycle
001853,Motorcycle
001854,Motorcycle
001855,Motorcycle
001856,Motorcycle
001857,Motorcycle
001858,Motorcycle
001859,Motorcycle
001860,Motorcycle
001861,Motorcycle
001862,Motorcycle
001863,Motorcycle
001864,Motorcycle
001865,Motorcycle
001866,Motorcycle
001867,Motorcycle
001868,Motorcycle
001869,Motorcycle
001870,Motorcycle
001871,Motorcycle
001872,Motorcycle
001873,Motorcycle
001874,Motorcycle
001875,Motorcycle
001876,Motorcycle
001877,Motorcycle
001878,Motorcycle
001879,Motorcycle
001880,Motorcycle
001881,Motorcycle
001882,Motorcycle
001883,Motorcycle
001884,Motorcycle
001885,Motorcycle
001886,Motorcycle
001887,Motorcycle
001888,Motorcycle
001889,Motorcycle
001890,Motorcycle
001891,Motorcycle
001892,Motorcycle
001893,Motorcycle
001894,Motorcycle
001895,Motorcycle
001896,Motorcycle
001897,Motorcycle
001898,Motorcycle
001899,Motorcycle
001900,Motorcycle
001901,Motorcycle
001902,Motorcycle
001903,Motorcycle
001904,Motorcycle
001905,Motorcycle
001906,Motorcycle
001907,Motorcycle
001908,Motorcycle
001909,Motorcycle
001910,Motorcycle
001911,Motorcycle
001912,Motorcycle
001913,Motorcycle
001914,Motorcycle
001915,Motorcycle
001916,Motorcycle
001917,Motorcycle
001918,Motorcycle
001919,Motorcycle
001920,Motorcycle
001921,Segway
001922,Segway
001923,Segway
001924,Segway
001925,Segway
001926,Segway
001927,Segway
001928,Segway
001929,Segway
001930,Segway
001931,Segway
001932,Segway
001933,Segway
001934,Segway
001935,Segway
001936,Segway
001937,Segway
001938,Segway
001939,Segway
001940,Segway
001941,Segway
001942,Segway
001943,Segway
001944,Segway
001945,Segway
001946,Segway
001947,Segway
001948,Segway
001949,Segway
001950,Segway
001951,Segway
001952,Segway
001953,Segway
001954,Segway
001955,Segway
001956,Segway
001957,Segway
001958,Segway
001959,Segway
001960,Segway
001961,Segway
001962,Segway
001963,Segway
001964,Segway
001965,Segway
001966,Segway
001967,Segway
001968,Segway
001969,Segway
001970,Segway
001971,Segway
001972,Segway
001973,Segway
001974,Segway
001975,Segway
001976,Segway
001977,Segway
001978,Segway
001979,Segway
001980,Segway
001981,Segway
001982,Segway
001983,Segway
001984,Segway
001985,Segway
001986,Segway
001987,Segway
001988,Segway
001989,Segway
001990,Segway
001991,Segway
001992,Segway
001993,Segway
001994,Segway
001995,Segway
001996,Segway
001997,Segway
001998,Segway
001999,Segway
002000,Segway
002001,Segway
002002,Segway
002003,Segway
002004,Segway
002005,Segway
002006,Segway
002007,Segway
002008,Segway
002009,Segway
002010,Segway
002011,Segway
002012,Segway
002013,Segway
002014,Segway
002015,Segway
002016,Segway
002017,Segway
002018,Segway
002019,Segway
002020,Segway
002021,Segway
002022,Segway
002023,Segway
002024,Segway
002025,Segway
002026,Segway
002027,Segway
002028,Segway
002029,Segway
002030,Segway
002031,Segway
002032,Segway
002033,Segway
002034,Segway
002035,Segway
002036,Segway
002037,Segway
002038,Segway
002039,Segway
002040,Segway
002041,Segway
002042,Segway
002043,Segway
002044,Segway
002045,Segway
002046,Segway
002047,Segway
002048,Segway
002049,Segway
002050,Segway
002051,Segway
002052,Segway
002053,Segway
002054,Segway
002055,Segway
002056,Segway
002057,Segway
002058,Segway
002059,Segway
002060,Segway
002061,Segway
002062,Segway
002063,Segway
002064,Segway
002065,Segway
002066,Segway
002067,Segway
002068,Segway
002069,Segway
002070,Segway
002071,Segway
002072,Segway
002073,Segway
002074,Segway
002075,Segway
002076,Segway
002077,Segway
002078,Segway
002079,Segway
002080,Segway
002081,Segway
002082,Segway
002083,Segway
002084,Segway
002085,Segway
002086,Segway
002087,Segway
002088,Segway
002089,Segway
002090,Segway
002091,Segway
002092,Segway
002093,Segway
002094,Segway
002095,Segway
002096,Segway
002097,Segway
002098,Segway
002099,Segway
002100,Segway
002101,Segway
002102,Segway
002103,Segway
002104,Segway
002105,Segway
002106,Segway
002107,Segway
002108,Segway
002109,Segway
002110,Segway
002111,Segway
002112,Segway
002113,Segway
002114,Segway
002115,Segway
002116,Segway
002117,Segway
002118,Segway
002119,Segway
002120,Segway
002121,Segway
002122,Segway
002123,Segway
002124,Segway
002125,Segway
002126,Segway
002127,Segway
002128,Segway
002129,Segway
002130,Segway
002131,Segway
002132,Segway
002133,Segway
002134,Segway
002135,Segway
002136,Segway
002137,Segway
002138,Segway
002139,Segway
002140,Segway
002141,Segway
002142,Segway
002143,Segway
002144,Segway
002145,Segway
002146,Segway
002147,Segway
002148,Segway
002149,Segway
002150,Segway
002151,Segway
002152,Segway
002153,Segway
002154,Segway
002155,Segway
002156,Segway
002157,Segway
002158,Segway
002159,Segway
002160,Segway
002161,Snowmobile
002162,Snowmobile
002163,Snowmobile
002164,Snowmobile
002165,Snowmobile
002166,Snowmobile
002167,Snowmobile
002168,Snowmobile
002169,Snowmobile
002170,Snowmobile
002171,Snowmobile
002172,Snowmobile
002173,Snowmobile
002174,Snowmobile
002175,Snowmobile
002176,Snowmobile
002177,Snowmobile
002178,Snowmobile
002179,Snowmobile
002180,Snowmobile
002181,Snowmobile
002182,Snowmobile
002183,Snowmobile
002184,Snowmobile
002185,Snowmobile
002186,Snowmobile
002187,Snowmobile
002188,Snowmobile
002189,Snowmobile
002190,Snowmobile
002191,Snowmobile
002192,Snowmobile
002193,Snowmobile
002194,Snowmobile
002195,Snowmobile
002196,Snowmobile
002197,Snowmobile
002198,Snowmobile
002199,Snowmobile
002200,Snowmobile
002201,Snowmobile
002202,Snowmobile
002203,Snowmobile
002204,Snowmobile
002205,Snowmobile
002206,Snowmobile
002207,Snowmobile
002208,Snowmobile
002209,Snowmobile
002210,Snowmobile
002211,Snowmobile
002212,Snowmobile
002213,Snowmobile
002214,Snowmobile
002215,Snowmobile
002216,Snowmobile
002217,Snowmobile
002218,Snowmobile
002219,Snowmobile
002220,Snowmobile
002221,Snowmobile
002222,Snowmobile
002223,Snowmobile
002224,Snowmobile
002225,Snowmobile
002226,Snowmobile
002227,Snowmobile
002228,Snowmobile
002229,Snowmobile
002230,Snowmobile
002231,Snowmobile
002232,Snowmobile
002233,Snowmobile
002234,Snowmobile
002235,Snowmobile
002236,Snowmobile
002237,Snowmobile
002238,Snowmobile
002239,Snowmobile
002240,Snowmobile
002241,Snowmobile
002242,Snowmobile
002243,Snowmobile
002244,Snowmobile
002245,Snowmobile
002246,Snowmobile
002247,Snowmobile
002248,Snowmobile
002249,Snowmobile
002250,Snowmobile
002251,Snowmobile
002252,Snowmobile
002253,Snowmobile
002254,Snowmobile
002255,Snowmobile
002256,Snowmobile
002257,Snowmobile
002258,Snowmobile
002259,Snowmobile
002260,Snowmobile
002261,Snowmobile
002262,Snowmobile
002263,Snowmobile
002264,Snowmobile
002265,Snowmobile
002266,Snowmobile
002267,Snowmobile
002268,Snowmobile
002269,Snowmobile
002270,Snowmobile
002271,Snowmobile
002272,Snowmobile
002273,Snowmobile
002274,Snowmobile
002275,Snowmobile
002276,Snowmobile
002277,Snowmobile
002278,Snowmobile
002279,Snowmobile
002280,Snowmobile
002281,Snowmobile
002282,Snowmobile
002283,Snowmobile
002284,Snowmobile
002285,Snowmobile
002286,Snowmobile
002287,Snowmobile
002288,Snowmobile
002289,Snowmobile
002290,Snowmobile
002291,Snowmobile
002292,Snowmobile
002293,Snowmobile
002294,Snowmobile
002295,Snowmobile
002296,Snowmobile
002297,Snowmobile
002298,Snowmobile
002299,Snowmobile
002300,Snowmobile
002301,Snowmobile
002302,Snowmobile
002303,Snowmobile
002304,Snowmobile
002305,Snowmobile
002306,Snowmobile
002307,Snowmobile
002308,Snowmobile
002309,Snowmobile
002310,Snowmobile
002311,Snowmobile
002312,Snowmobile
002313,Snowmobile
002314,Snowmobile
002315,Snowmobile
002316,Snowmobile
002317,Snowmobile
002318,Snowmobile
002319,Snowmobile
002320,Snowmobile
002321,Snowmobile
002322,Snowmobile
002323,Snowmobile
002324,Snowmobile
002325,Snowmobile
002326,Snowmobile
002327,Snowmobile
002328,Snowmobile
002329,Snowmobile
002330,Snowmobile
002331,Snowmobile
002332,Snowmobile
002333,Snowmobile
002334,Snowmobile
002335,Snowmobile
002336,Snowmobile
002337,Snowmobile
002338,Snowmobile
002339,Snowmobile
002340,Snowmobile
002341,Snowmobile
002342,Snowmobile
002343,Snowmobile
002344,Snowmobile
002345,Snowmobile
002346,Snowmobile
002347,Snowmobile
002348,Snowmobile
002349,Snowmobile
002350,Snowmobile
002351,Snowmobile
002352,Snowmobile
002353,Snowmobile
002354,Snowmobile
002355,Snowmobile
002356,Snowmobile
002357,Snowmobile
002358,Tank
002359,Tank
002360,Tank
002361,Tank
002362,Tank
002363,Tank
002364,Tank
002365,Tank
002366,Tank
002367,Tank
002368,Tank
002369,Tank
002370,Tank
002371,Tank
002372,Tank
002373,Tank
002374,Tank
002375,Tank
002376,Tank
002377,Tank
002378,Tank
002379,Tank
002380,Tank
002381,Tank
002382,Tank
002383,Tank
002384,Tank
002385,Tank
002386,Tank
002387,Tank
002388,Tank
002389,Tank
002390,Tank
002391,Tank
002392,Tank
002393,Tank
002394,Tank
002395,Tank
002396,Tank
002397,Tank
002398,Tank
002399,Tank
002400,Tank
002401,Tank
002402,Tank
002403,Tank
002404,Tank
002405,Tank
002406,Tank
002407,Tank
002408,Tank
002409,Tank
002410,Tank
002411,Tank
002412,Tank
002413,Tank
002414,Tank
002415,Tank
002416,Tank
002417,Tank
002418,Tank
002419,Tank
002420,Tank
002421,Tank
002422,Tank
002423,Tank
002424,Tank
002425,Tank
002426,Tank
002427,Tank
002428,Tank
002429,Tank
002430,Tank
002431,Tank
002432,Tank
002433,Tank
002434,Tank
002435,Tank
002436,Tank
002437,Tank
002438,Tank
002439,Tank
002440,Tank
002441,Tank
002442,Tank
002443,Tank
002444,Tank
002445,Tank
002446,Tank
002447,Tank
002448,Tank
002449,Tank
002450,Tank
002451,Tank
002452,Tank
002453,Tank
002454,Tank
002455,Tank
002456,Tank
002457,Tank
002458,Tank
002459,Tank
002460,Tank
002461,Tank
002462,Tank
002463,Tank
002464,Tank
002465,Tank
002466,Tank
002467,Tank
002468,Tank
002469,Tank
002470,Tank
002471,Tank
002472,Tank
002473,Tank
002474,Tank
002475,Tank
002476,Tank
002477,Tank
002478,Tank
002479,Tank
002480,Tank
002481,Tank
002482,Tank
002483,Tank
002484,Tank
002485,Tank
002486,Tank
002487,Tank
002488,Tank
002489,Tank
002490,Tank
002491,Tank
002492,Tank
002493,Tank
002494,Tank
002495,Tank
002496,Tank
002497,Tank
002498,Tank
002499,Tank
002500,Tank
002501,Tank
002502,Tank
002503,Tank
002504,Tank
002505,Tank
002506,Tank
002507,Tank
002508,Tank
002509,Tank
002510,Tank
002511,Tank
002512,Tank
002513,Tank
002514,Tank
002515,Tank
002516,Tank
002517,Tank
002518,Tank
002519,Tank
002520,Tank
002521,Tank
002522,Tank
002523,Tank
002524,Tank
002525,Tank
002526,Tank
002527,Tank
002528,Tank
002529,Tank
002530,Tank
002531,Tank
002532,Tank
002533,Tank
002534,Tank
002535,Tank
002536,Tank
002537,Tank
002538,Tank
002539,Tank
002540,Tank
002541,Tank
002542,Tank
002543,Tank
002544,Tank
002545,Tank
002546,Tank
002547,Tank
002548,Tank
002549,Tank
002550,Tank
002551,Tank
002552,Tank
002553,Tank
002554,Tank
002555,Tank
002556,Tank
002557,Tank
002558,Tank
002559,Tank
002560,Tank
002561,Tank
002562,Tank
002563,Tank
002564,Tank
002565,Tank
002566,Tank
002567,Tank
002568,Tank
002569,Tank
002570,Tank
002571,Tank
002572,Tank
002573,Tank
002574,Tank
002575,Tank
002576,Tank
002577,Tank
002578,Tank
002579,Tank
002580,Tank
002581,Tank
002582,Tank
002583,Tank
002584,Tank
002585,Tank
002586,Tank
002587,Tank
002588,Tank
002589,Tank
002590,Tank
002591,Tank
002592,Tank
002593,Tank
002594,Tank
002595,Tank
002596,Tank
002597,Tank
002598,Taxi
002599,Taxi
002600,Taxi
002601,Taxi
002602,Taxi
002603,Taxi
002604,Taxi
002605,Taxi
002606,Taxi
002607,Taxi
002608,Taxi
002609,Taxi
002610,Taxi
002611,Taxi
002612,Taxi
002613,Taxi
002614,Taxi
002615,Taxi
002616,Taxi
002617,Taxi
002618,Taxi
002619,Taxi
002620,Taxi
002621,Taxi
002622,Taxi
002623,Taxi
002624,Taxi
002625,Taxi
002626,Taxi
002627,Taxi
002628,Taxi
002629,Taxi
002630,Taxi
002631,Taxi
002632,Taxi
002633,Taxi
002634,Taxi
002635,Taxi
002636,Taxi
002637,Taxi
002638,Taxi
002639,Taxi
002640,Taxi
002641,Taxi
002642,Taxi
002643,Taxi
002644,Taxi
002645,Taxi
002646,Taxi
002647,Taxi
002648,Taxi
002649,Taxi
002650,Taxi
002651,Taxi
002652,Taxi
002653,Taxi
002654,Taxi
002655,Taxi
002656,Taxi
002657,Taxi
002658,Taxi
002659,Taxi
002660,Taxi
002661,Taxi
002662,Taxi
002663,Taxi
002664,Taxi
002665,Taxi
002666,Taxi
002667,Taxi
002668,Taxi
002669,Taxi
002670,Taxi
002671,Taxi
002672,Taxi
002673,Taxi
002674,Taxi
002675,Taxi
002676,Taxi
002677,Taxi
002678,Taxi
002679,Taxi
002680,Taxi
002681,Taxi
002682,Taxi
002683,Taxi
002684,Taxi
002685,Taxi
002686,Taxi
002687,Taxi
002688,Taxi
002689,Taxi
002690,Taxi
002691,Taxi
002692,Taxi
002693,Taxi
002694,Taxi
002695,Taxi
002696,Taxi
002697,Taxi
002698,Taxi
002699,Taxi
002700,Taxi
002701,Taxi
002702,Taxi
002703,Taxi
002704,Taxi
002705,Taxi
002706,Taxi
002707,Taxi
002708,Taxi
002709,Taxi
002710,Taxi
002711,Taxi
002712,Taxi
002713,Taxi
002714,Taxi
002715,Taxi
002716,Taxi
002717,Taxi
002718,Taxi
002719,Taxi
002720,Taxi
002721,Taxi
002722,Taxi
002723,Taxi
002724,Taxi
002725,Taxi
002726,Taxi
002727,Taxi
002728,Taxi
002729,Taxi
002730,Taxi
002731,Taxi
002732,Taxi
002733,Taxi
002734,Taxi
002735,Taxi
002736,Taxi
002737,Taxi
002738,Taxi
002739,Taxi
002740,Taxi
002741,Taxi
002742,Taxi
002743,Taxi
002744,Taxi
002745,Taxi
002746,Taxi
002747,Taxi
002748,Taxi
002749,Taxi
002750,Taxi
002751,Taxi
002752,Taxi
002753,Taxi
002754,Taxi
002755,Taxi
002756,Taxi
002757,Taxi
002758,Taxi
002759,Taxi
002760,Taxi
002761,Taxi
002762,Taxi
002763,Taxi
002764,Taxi
002765,Taxi
002766,Taxi
002767,Taxi
002768,Taxi
002769,Taxi
002770,Taxi
002771,Taxi
002772,Taxi
002773,Taxi
002774,Taxi
002775,Taxi
002776,Taxi
002777,Taxi
002778,Taxi
002779,Taxi
002780,Taxi
002781,Taxi
002782,Taxi
002783,Taxi
002784,Taxi
002785,Taxi
002786,Taxi
002787,Taxi
002788,Taxi
002789,Taxi
002790,Taxi
002791,Taxi
002792,Taxi
002793,Taxi
002794,Taxi
002795,Taxi
002796,Taxi
002797,Taxi
002798,Taxi
002799,Taxi
002800,Taxi
002801,Taxi
002802,Taxi
002803,Taxi
002804,Taxi
002805,Taxi
002806,Taxi
002807,Taxi
002808,Taxi
002809,Taxi
002810,Taxi
002811,Taxi
002812,Taxi
002813,Taxi
002814,Taxi
002815,Taxi
002816,Taxi
002817,Taxi
002818,Taxi
002819,Taxi
002820,Taxi
002821,Taxi
002822,Taxi
002823,Taxi
002824,Taxi
002825,Taxi
002826,Taxi
002827,Taxi
002828,Taxi
002829,Taxi
002830,Taxi
002831,Taxi
002832,Taxi
002833,Taxi
002834,Taxi
002835,Taxi
002836,Taxi
002837,Taxi
002838,Truck
002839,Truck
002840,Truck
002841,Truck
002842,Truck
002843,Truck
002844,Truck
002845,Truck
002846,Truck
002847,Truck
002848,Truck
002849,Truck
002850,Truck
002851,Truck
002852,Truck
002853,Truck
002854,Truck
002855,Truck
002856,Truck
002857,Truck
002858,Truck
002859,Truck
002860,Truck
002861,Truck
002862,Truck
002863,Truck
002864,Truck
002865,Truck
002866,Truck
002867,Truck
002868,Truck
002869,Truck
002870,Truck
002871,Truck
002872,Truck
002873,Truck
002874,Truck
002875,Truck
002876,Truck
002877,Truck
002878,Truck
002879,Truck
002880,Truck
002881,Truck
002882,Truck
002883,Truck
002884,Truck
002885,Truck
002886,Truck
002887,Truck
002888,Truck
002889,Truck
002890,Truck
002891,Truck
002892,Truck
002893,Truck
002894,Truck
002895,Truck
002896,Truck
002897,Truck
002898,Truck
002899,Truck
002900,Truck
002901,Truck
002902,Truck
002903,Truck
002904,Truck
002905,Truck
002906,Truck
002907,Truck
002908,Truck
002909,Truck
002910,Truck
002911,Truck
002912,Truck
002913,Truck
002914,Truck
002915,Truck
002916,Truck
002917,Truck
002918,Truck
002919,Truck
002920,Truck
002921,Truck
002922,Truck
002923,Truck
002924,Truck
002925,Truck
002926,Truck
002927,Truck
002928,Truck
002929,Truck
002930,Truck
002931,Truck
002932,Truck
002933,Truck
002934,Truck
002935,Truck
002936,Truck
002937,Truck
002938,Truck
002939,Truck
002940,Truck
002941,Truck
002942,Truck
002943,Truck
002944,Truck
002945,Truck
002946,Truck
002947,Truck
002948,Truck
002949,Truck
002950,Truck
002951,Truck
002952,Truck
002953,Truck
002954,Truck
002955,Truck
002956,Truck
002957,Truck
002958,Truck
002959,Truck
002960,Truck
002961,Truck
002962,Truck
002963,Truck
002964,Truck
002965,Truck
002966,Truck
002967,Truck
002968,Truck
002969,Truck
002970,Truck
002971,Truck
002972,Truck
002973,Truck
002974,Truck
002975,Truck
002976,Truck
002977,Truck
002978,Truck
002979,Truck
002980,Truck
002981,Truck
002982,Truck
002983,Truck
002984,Truck
002985,Truck
002986,Truck
002987,Truck
002988,Truck
002989,Truck
002990,Truck
002991,Truck
002992,Truck
002993,Truck
002994,Truck
002995,Truck
002996,Truck
002997,Truck
002998,Truck
002999,Truck
003000,Truck
003001,Truck
003002,Truck
003003,Truck
003004,Truck
003005,Truck
003006,Truck
003007,Truck
003008,Truck
003009,Truck
003010,Truck
003011,Truck
003012,Truck
003013,Truck
003014,Truck
003015,Truck
003016,Truck
003017,Truck
003018,Truck
003019,Truck
003020,Truck
003021,Truck
003022,Truck
003023,Truck
003024,Truck
003025,Truck
003026,Truck
003027,Truck
003028,Truck
003029,Truck
003030,Truck
003031,Truck
003032,Truck
003033,Truck
003034,Truck
003035,Truck
003036,Truck
003037,Truck
003038,Truck
003039,Truck
003040,Truck
003041,Truck
003042,Truck
003043,Truck
003044,Truck
003045,Truck
003046,Truck
003047,Truck
003048,Truck
003049,Truck
003050,Truck
003051,Truck
003052,Truck
003053,Truck
003054,Truck
003055,Truck
003056,Truck
003057,Truck
003058,Truck
003059,Truck
003060,Truck
003061,Truck
003062,Truck
003063,Truck
003064,Truck
003065,Truck
003066,Truck
003067,Truck
003068,Truck
003069,Truck
003070,Truck
003071,Truck
003072,Truck
003073,Truck
003074,Truck
003075,Truck
003076,Truck
003077,Truck
003078,Van
003079,Van
003080,Van
003081,Van
003082,Van
003083,Van
003084,Van
003085,Van
003086,Van
003087,Van
003088,Van
003089,Van
003090,Van
003091,Van
003092,Van
003093,Van
003094,Van
003095,Van
003096,Van
003097,Van
003098,Van
003099,Van
003100,Van
003101,Van
003102,Van
003103,Van
003104,Van
003105,Van
003106,Van
003107,Van
003108,Van
003109,Van
003110,Van
003111,Van
003112,Van
003113,Van
003114,Van
003115,Van
003116,Van
003117,Van
003118,Van
003119,Van
003120,Van
003121,Van
003122,Van
003123,Van
003124,Van
003125,Van
003126,Van
003127,Van
003128,Van
003129,Van
003130,Van
003131,Van
003132,Van
003133,Van
003134,Van
003135,Van
003136,Van
003137,Van
003138,Van
003139,Van
003140,Van
003141,Van
003142,Van
003143,Van
003144,Van
003145,Van
003146,Van
003147,Van
003148,Van
003149,Van
003150,Van
003151,Van
003152,Van
003153,Van
003154,Van
003155,Van
003156,Van
003157,Van
003158,Van
003159,Van
003160,Van
003161,Van
003162,Van
003163,Van
003164,Van
003165,Van
003166,Van
003167,Van
003168,Van
003169,Van
003170,Van
003171,Van
003172,Van
003173,Van
003174,Van
003175,Van
003176,Van
003177,Van
003178,Van
003179,Van
003180,Van
003181,Van
003182,Van
003183,Van
003184,Van
003185,Van
003186,Van
003187,Van
003188,Van
003189,Van
003190,Van
003191,Van
003192,Van
003193,Van
003194,Van
003195,Van
003196,Van
003197,Van
003198,Van
003199,Van
003200,Van
003201,Van
003202,Van
003203,Van
003204,Van
003205,Van
003206,Van
003207,Van
003208,Van
003209,Van
003210,Van
003211,Van
003212,Van
003213,Van
003214,Van
003215,Van
003216,Van
003217,Van
003218,Van
003219,Van
003220,Van
003221,Van
003222,Van
003223,Van
003224,Van
003225,Van
003226,Van
003227,Van
003228,Van
003229,Van
003230,Van
003231,Van
003232,Van
003233,Van
003234,Van
003235,Van
003236,Van
003237,Van
003238,Van
003239,Van
003240,Van
003241,Van
003242,Van
003243,Van
003244,Van
003245,Van
003246,Van
003247,Van
003248,Van
003249,Van
003250,Van
003251,Van
003252,Van
003253,Van
003254,Van
003255,Van
003256,Van
003257,Van
003258,Van
003259,Van
003260,Van
003261,Van
003262,Van
003263,Van
003264,Van
003265,Van
003266,Van
003267,Van
003268,Van
003269,Van
003270,Van
003271,Van
003272,Van
003273,Van
003274,Van
003275,Van
003276,Van
003277,Van
003278,Van
003279,Van
003280,Van
003281,Van
003282,Van
003283,Van
003284,Van
003285,Van
003286,Van
003287,Van
003288,Van
003289,Van
003290,Van
003291,Van
003292,Van
003293,Van
003294,Van
003295,Van
003296,Van
003297,Van
003298,Van
003299,Van
003300,Van
003301,Van
003302,Van
003303,Van
003304,Van
003305,Van
003306,Van
003307,Van
003308,Van
003309,Van
003310,Van
003311,Van
003312,Van
003313,Van
003314,Van
003315,Van
003316,Van
003317,Van
003318,Wheelchair
003319,Wheelchair
003320,Wheelchair
003321,Wheelchair
003322,Wheelchair
003323,Wheelchair
003324,Wheelchair
003325,Wheelchair
003326,Wheelchair
003327,Wheelchair
003328,Wheelchair
003329,Wheelchair
003330,Wheelchair
003331,Wheelchair
003332,Wheelchair
003333,Wheelchair
003334,Wheelchair
003335,Wheelchair
003336,Wheelchair
003337,Wheelchair
003338,Wheelchair
003339,Wheelchair
003340,Wheelchair
003341,Wheelchair
003342,Wheelchair
003343,Wheelchair
003344,Wheelchair
003345,Wheelchair
003346,Wheelchair
003347,Wheelchair
003348,Wheelchair
003349,Wheelchair
003350,Wheelchair
003351,Wheelchair
003352,Wheelchair
003353,Wheelchair
003354,Wheelchair
003355,Wheelchair
003356,Wheelchair
003357,Wheelchair
003358,Wheelchair
003359,Wheelchair
003360,Wheelchair
003361,Wheelchair
003362,Wheelchair
003363,Wheelchair
003364,Wheelchair
003365,Wheelchair
003366,Wheelchair
003367,Wheelchair
003368,Wheelchair
003369,Wheelchair
003370,Wheelchair
003371,Wheelchair
003372,Wheelchair
003373,Wheelchair
003374,Wheelchair
003375,Wheelchair
003376,Wheelchair
003377,Wheelchair
003378,Wheelchair
003379,Wheelchair
003380,Wheelchair
003381,Wheelchair
003382,Wheelchair
003383,Wheelchair
003384,Wheelchair
003385,Wheelchair
003386,Wheelchair
003387,Wheelchair
003388,Wheelchair
003389,Wheelchair
003390,Wheelchair
003391,Wheelchair
003392,Wheelchair
003393,Wheelchair
003394,Wheelchair
003395,Wheelchair
003396,Wheelchair
003397,Wheelchair
003398,Wheelchair
003399,Wheelchair
003400,Wheelchair
003401,Wheelchair
003402,Wheelchair
003403,Wheelchair
003404,Wheelchair
003405,Wheelchair
003406,Wheelchair
003407,Wheelchair
003408,Wheelchair
003409,Wheelchair
003410,Wheelchair
003411,Wheelchair
003412,Wheelchair
003413,Wheelchair
003414,Wheelchair
003415,Wheelchair
003416,Wheelchair
003417,Wheelchair
003418,Wheelchair
003419,Wheelchair
003420,Wheelchair
003421,Wheelchair
003422,Wheelchair
003423,Wheelchair
003424,Wheelchair
003425,Wheelchair
003426,Wheelchair
003427,Wheelchair
003428,Wheelchair
003429,Wheelchair
003430,Wheelchair
003431,Wheelchair
003432,Wheelchair
003433,Wheelchair
003434,Wheelchair
003435,Wheelchair
003436,Wheelchair
003437,Wheelchair
003438,Wheelchair
003439,Wheelchair
003440,Wheelchair
003441,Wheelchair
003442,Wheelchair
003443,Wheelchair
003444,Wheelchair
003445,Wheelchair
003446,Wheelchair
003447,Wheelchair
003448,Wheelchair
003449,Wheelchair
003450,Wheelchair
003451,Wheelchair
003452,Wheelchair
003453,Wheelchair
003454,Wheelchair
003455,Wheelchair
003456,Wheelchair
003457,Wheelchair
003458,Wheelchair
003459,Wheelchair
003460,Wheelchair
003461,Wheelchair
003462,Wheelchair
003463,Wheelchair
003464,Wheelchair
003465,Wheelchair
003466,Wheelchair
003467,Wheelchair
003468,Wheelchair
003469,Wheelchair
003470,Wheelchair
003471,Wheelchair
003472,Wheelchair
003473,Wheelchair
003474,Wheelchair
003475,Wheelchair
003476,Wheelchair
003477,Wheelchair
003478,Wheelchair
003479,Wheelchair
003480,Wheelchair
003481,Wheelchair
003482,Wheelchair
003483,Wheelchair
003484,Wheelchair
003485,Wheelchair
003486,Wheelchair
003487,Wheelchair
003488,Wheelchair
003489,Wheelchair
003490,Wheelchair
003491,Wheelchair
003492,Wheelchair
003493,Wheelchair
003494,Wheelchair
003495,Wheelchair
003496,Wheelchair
003497,Wheelchair
003498,Wheelchair
003499,Wheelchair
003500,Wheelchair
003501,Wheelchair
003502,Wheelchair
003503,Wheelchair
003504,Wheelchair
003505,Wheelchair
003506,Wheelchair
003507,Wheelchair
003508,Wheelchair
003509,Wheelchair
003510,Wheelchair
003511,Wheelchair
003512,Wheelchair
003513,Wheelchair
003514,Wheelchair
003515,Wheelchair
003516,Wheelchair
003517,Wheelchair
003518,Wheelchair
003519,Wheelchair
003520,Wheelchair
003521,Wheelchair
003522,Wheelchair
003523,Wheelchair
003524,Wheelchair
003525,Wheelchair
003526,Wheelchair
003527,Wheelchair
003528,Wheelchair
003529,Wheelchair
003530,Wheelchair
003531,Wheelchair
003532,Wheelchair
003533,Wheelchair
003534,Wheelchair
003535,Wheelchair
003536,Wheelchair
003537,Wheelchair
003538,Wheelchair
003539,Wheelchair
003540,Wheelchair
003541,Wheelchair
003542,Wheelchair
003543,Wheelchair
003544,Wheelchair
003545,Wheelchair
003546,Wheelchair
003547,Wheelchair
003548,Wheelchair
003549,Wheelchair
003550,Wheelchair
003551,Wheelchair
003552,Wheelchair
003553,Wheelchair
003554,Wheelchair
003555,Wheelchair
003556,Wheelchair
003557,Wheelchair
